Date,Word Count
2023-04-11,12250
2023-06-07,12400
2023-07-31,12550
2023-09-26,12700
2023-11-03,13300
2024-02-29,13600
2024-08-29,13700
2024-10-26,14050
2025-03-17,14548
2025-03-21,14577
2025-03-22,14582
2025-03-25,14592
2025-03-26,14597
2025-03-27,14602
2025-03-31,14642
2025-04-02,14652
2025-04-03,14662
2025-04-04,14672
2025-04-07,14682
2025-04-08,14692
2025-04-09,14702
2025-04-10,14712
2025-04-11,14717
2025-04-12,14722
2025-04-13,14727
2025-04-14,14732
2025-04-15,14737
2025-04-16,14742
2025-09-20,15075
