Date,Word Count
2023-04-11,12250.0
2023-06-07,12400.0
2023-07-31,12550.0
2023-09-26,12700.0
2023-11-03,13300.0
2024-02-29,13600.0
2024-08-29,13700.0
2024-10-26,14050.0
2025-03-17,14548.0
2025-03-21,14577.0
2025-03-22,14582.0
2025-03-23,14582.0
2025-03-24,14582.0
2025-03-25,14592.0
2025-03-26,14597.0
2025-03-27,14602.0
2025-03-31,14642.0
2025-04-01,14642.0
2025-04-02,14652.0
2025-04-03,14662.0
2025-04-04,14672.0
2025-04-05,14672.0
2025-04-06,14672.0
2025-04-07,14682.0
2025-04-08,14692.0
2025-04-09,14702.0
2025-04-10,14712.0
2025-04-11,14717.0
2025-04-12,14722.0
2025-04-13,14727.0
2025-04-14,14732.0
2025-04-15,14737.0
